[{"fields": {"model": "logentry", "app_label": "admin"}, "model": "contenttypes.contenttype", "pk": 1}, {"fields": {"model": "permission", "app_label": "auth"}, "model": "contenttypes.contenttype", "pk": 2}, {"fields": {"model": "group", "app_label": "auth"}, "model": "contenttypes.contenttype", "pk": 3}, {"fields": {"model": "contenttype", "app_label": "contenttypes"}, "model": "contenttypes.contenttype", "pk": 4}, {"fields": {"model": "session", "app_label": "sessions"}, "model": "contenttypes.contenttype", "pk": 5}, {"fields": {"model": "foo", "app_label": "authorization"}, "model": "contenttypes.contenttype", "pk": 6}, {"fields": {"model": "customuser", "app_label": "blogging"}, "model": "contenttypes.contenttype", "pk": 7}, {"fields": {"model": "mindcategory", "app_label": "blogging"}, "model": "contenttypes.contenttype", "pk": 8}, {"fields": {"model": "mind", "app_label": "blogging"}, "model": "contenttypes.contenttype", "pk": 9}, {"fields": {"model": "like", "app_label": "blogging"}, "model": "contenttypes.contenttype", "pk": 10}, {"fields": {"expire_date": "2015-08-15T09:09:45.301Z", "session_data": "ZjVkYThkNDYyMDUwMDk4N2YwYjA4NGY2ZmQxYWM1YThjNjlmYTc1Yzp7fQ=="}, "model": "sessions.session", "pk": "01kmq7ccp77y63d31xj6m4dlhhqrhzec"}, {"fields": {"expire_date": "2015-07-28T21:59:38.148Z", "session_data": "MTBhNTRhNmZlNGJhYTA1MzExNmNiZmI2OGIxN2JiOWIzMjk1MGMzZTp7Il9hdXRoX3VzZXJfaGFzaCI6IjUxNzM5YjE4ODg0NTg5ZGFmZjk2ODRiNjY2M2MxNGJjNTk3NzdlYjMiLCJfYXV0aF91c2VyX2JhY2tlbmQiOiJkamFuZ28uY29udHJpYi5hdXRoLmJhY2tlbmRzLk1vZGVsQmFja2VuZCIsIl9hdXRoX3VzZXJfaWQiOiIxIn0="}, "model": "sessions.session", "pk": "0rkv9f0geayf41yafdl7qzzheuuci40k"}, {"fields": {"expire_date": "2015-08-04T22:02:54.502Z", "session_data": "MTBhNTRhNmZlNGJhYTA1MzExNmNiZmI2OGIxN2JiOWIzMjk1MGMzZTp7Il9hdXRoX3VzZXJfaGFzaCI6IjUxNzM5YjE4ODg0NTg5ZGFmZjk2ODRiNjY2M2MxNGJjNTk3NzdlYjMiLCJfYXV0aF91c2VyX2JhY2tlbmQiOiJkamFuZ28uY29udHJpYi5hdXRoLmJhY2tlbmRzLk1vZGVsQmFja2VuZCIsIl9hdXRoX3VzZXJfaWQiOiIxIn0="}, "model": "sessions.session", "pk": "2400enhfhn6drxm846kfj6fsb97utbl4"}, {"fields": {"expire_date": "2015-08-23T13:34:39.173Z", "session_data": "MTBhNTRhNmZlNGJhYTA1MzExNmNiZmI2OGIxN2JiOWIzMjk1MGMzZTp7Il9hdXRoX3VzZXJfaGFzaCI6IjUxNzM5YjE4ODg0NTg5ZGFmZjk2ODRiNjY2M2MxNGJjNTk3NzdlYjMiLCJfYXV0aF91c2VyX2JhY2tlbmQiOiJkamFuZ28uY29udHJpYi5hdXRoLmJhY2tlbmRzLk1vZGVsQmFja2VuZCIsIl9hdXRoX3VzZXJfaWQiOiIxIn0="}, "model": "sessions.session", "pk": "49e5p1wayi9ft2w0v6frp4d6npl395xa"}, {"fields": {"expire_date": "2015-08-04T19:50:38.144Z", "session_data": "ZjVkYThkNDYyMDUwMDk4N2YwYjA4NGY2ZmQxYWM1YThjNjlmYTc1Yzp7fQ=="}, "model": "sessions.session", "pk": "8lyl8w0aydog7dux147zir6odfyidzdg"}, {"fields": {"expire_date": "2015-08-19T21:23:03.733Z", "session_data": "MTBhNTRhNmZlNGJhYTA1MzExNmNiZmI2OGIxN2JiOWIzMjk1MGMzZTp7Il9hdXRoX3VzZXJfaGFzaCI6IjUxNzM5YjE4ODg0NTg5ZGFmZjk2ODRiNjY2M2MxNGJjNTk3NzdlYjMiLCJfYXV0aF91c2VyX2JhY2tlbmQiOiJkamFuZ28uY29udHJpYi5hdXRoLmJhY2tlbmRzLk1vZGVsQmFja2VuZCIsIl9hdXRoX3VzZXJfaWQiOiIxIn0="}, "model": "sessions.session", "pk": "961oriwzqpnuqewi22pitrwve71itcck"}, {"fields": {"expire_date": "2015-08-15T09:09:46.011Z", "session_data": "ZjVkYThkNDYyMDUwMDk4N2YwYjA4NGY2ZmQxYWM1YThjNjlmYTc1Yzp7fQ=="}, "model": "sessions.session", "pk": "bkof2rryv27p6nuoh9lhx0fn4g7zscft"}, {"fields": {"expire_date": "2015-07-28T22:01:03.094Z", "session_data": "MTBhNTRhNmZlNGJhYTA1MzExNmNiZmI2OGIxN2JiOWIzMjk1MGMzZTp7Il9hdXRoX3VzZXJfaGFzaCI6IjUxNzM5YjE4ODg0NTg5ZGFmZjk2ODRiNjY2M2MxNGJjNTk3NzdlYjMiLCJfYXV0aF91c2VyX2JhY2tlbmQiOiJkamFuZ28uY29udHJpYi5hdXRoLmJhY2tlbmRzLk1vZGVsQmFja2VuZCIsIl9hdXRoX3VzZXJfaWQiOiIxIn0="}, "model": "sessions.session", "pk": "e6wrqdmbeja4sngd3e6axk6jqwt30wbj"}, {"fields": {"expire_date": "2015-07-26T12:27:09.615Z", "session_data": "MTBhNTRhNmZlNGJhYTA1MzExNmNiZmI2OGIxN2JiOWIzMjk1MGMzZTp7Il9hdXRoX3VzZXJfaGFzaCI6IjUxNzM5YjE4ODg0NTg5ZGFmZjk2ODRiNjY2M2MxNGJjNTk3NzdlYjMiLCJfYXV0aF91c2VyX2JhY2tlbmQiOiJkamFuZ28uY29udHJpYi5hdXRoLmJhY2tlbmRzLk1vZGVsQmFja2VuZCIsIl9hdXRoX3VzZXJfaWQiOiIxIn0="}, "model": "sessions.session", "pk": "fp3y3ojl3740y3cvds8scpr3i99seo38"}, {"fields": {"expire_date": "2015-08-19T21:23:03.008Z", "session_data": "MTBhNTRhNmZlNGJhYTA1MzExNmNiZmI2OGIxN2JiOWIzMjk1MGMzZTp7Il9hdXRoX3VzZXJfaGFzaCI6IjUxNzM5YjE4ODg0NTg5ZGFmZjk2ODRiNjY2M2MxNGJjNTk3NzdlYjMiLCJfYXV0aF91c2VyX2JhY2tlbmQiOiJkamFuZ28uY29udHJpYi5hdXRoLmJhY2tlbmRzLk1vZGVsQmFja2VuZCIsIl9hdXRoX3VzZXJfaWQiOiIxIn0="}, "model": "sessions.session", "pk": "kwvbk38to16drqenunq216fto6d2kxdr"}, {"fields": {"expire_date": "2015-07-28T22:00:16.179Z", "session_data": "ZjVkYThkNDYyMDUwMDk4N2YwYjA4NGY2ZmQxYWM1YThjNjlmYTc1Yzp7fQ=="}, "model": "sessions.session", "pk": "oioczs4szti5bkflkpaw48vbh17grziy"}, {"fields": {"expire_date": "2015-08-15T11:11:28.301Z", "session_data": "MTBhNTRhNmZlNGJhYTA1MzExNmNiZmI2OGIxN2JiOWIzMjk1MGMzZTp7Il9hdXRoX3VzZXJfaGFzaCI6IjUxNzM5YjE4ODg0NTg5ZGFmZjk2ODRiNjY2M2MxNGJjNTk3NzdlYjMiLCJfYXV0aF91c2VyX2JhY2tlbmQiOiJkamFuZ28uY29udHJpYi5hdXRoLmJhY2tlbmRzLk1vZGVsQmFja2VuZCIsIl9hdXRoX3VzZXJfaWQiOiIxIn0="}, "model": "sessions.session", "pk": "q7i39g9mojejb9qxak1kgvuaj3sfoja0"}, {"fields": {"expire_date": "2015-08-15T09:09:45.770Z", "session_data": "ZjVkYThkNDYyMDUwMDk4N2YwYjA4NGY2ZmQxYWM1YThjNjlmYTc1Yzp7fQ=="}, "model": "sessions.session", "pk": "u6aojy7iokpehy92aotlw014zuxzal7y"}, {"fields": {"expire_date": "2015-08-22T12:37:30.525Z", "session_data": "MTBhNTRhNmZlNGJhYTA1MzExNmNiZmI2OGIxN2JiOWIzMjk1MGMzZTp7Il9hdXRoX3VzZXJfaGFzaCI6IjUxNzM5YjE4ODg0NTg5ZGFmZjk2ODRiNjY2M2MxNGJjNTk3NzdlYjMiLCJfYXV0aF91c2VyX2JhY2tlbmQiOiJkamFuZ28uY29udHJpYi5hdXRoLmJhY2tlbmRzLk1vZGVsQmFja2VuZCIsIl9hdXRoX3VzZXJfaWQiOiIxIn0="}, "model": "sessions.session", "pk": "ve692upmige9ugqmw2ume9xnjac6ou0v"}, {"fields": {"username": "roman", "followers": [2, 6], "is_active": true, "is_superuser": true, "is_staff": true, "image_url": "/static/users/roman/avatar.jpg", "following": [2, 3, 4, 6], "last_login": "2015-08-09T13:34:39.005Z", "password": "pbkdf2_sha256$20000$CtrQ9wcbYqxz$CihqNKGF07nqRJmPl3f6HqRQc3aV+LMPdH6p/fE0cwI=", "email": "rstatkevich@activewizards.com"}, "model": "blogging.customuser", "pk": 1}, {"fields": {"username": "lyuda", "followers": [1], "is_active": true, "is_superuser": false, "is_staff": false, "image_url": "/static/users/default/avatar.svg", "following": [1], "last_login": null, "password": "qwerty", "email": "l.f@fdf.ds"}, "model": "blogging.customuser", "pk": 2}, {"fields": {"username": "jack", "followers": [1, 6], "is_active": true, "is_superuser": false, "is_staff": false, "image_url": "/static/users/default/avatar.svg", "following": [], "last_login": null, "password": "12345", "email": "r@g.com"}, "model": "blogging.customuser", "pk": 3}, {"fields": {"username": "adolph_hitler", "followers": [1, 3, 6, 7], "is_active": true, "is_superuser": false, "is_staff": false, "image_url": "/static/users/adolph_hitler/avatar.jpg", "following": [2, 3], "last_login": null, "password": "12345", "email": "nazi@sieg.heil"}, "model": "blogging.customuser", "pk": 4}, {"fields": {"username": "romanstatkevich", "followers": [1], "is_active": true, "is_superuser": true, "is_staff": true, "image_url": "/static/users/default/avatar.svg", "following": [1, 3, 4], "last_login": "2015-08-09T09:10:04.102Z", "password": "pbkdf2_sha256$20000$BEPdhYfKxe2W$VP9B4n8psnpFVYXlOq7nazIoRzaBvM4EnlYR7hg+xBs=", "email": "rstatkevich@activewizards.com"}, "model": "blogging.customuser", "pk": 6}, {"fields": {"username": "churchill_winston", "followers": [], "is_active": true, "is_superuser": true, "is_staff": true, "image_url": "/static/users/default/avatar.svg", "following": [4], "last_login": "2015-08-09T13:17:37.083Z", "password": "pbkdf2_sha256$20000$dzOy1AKNqsfq$nu9sI1JLxQOXMXu+0ybQ2M2gnLEf2/oi6EFR5B8GAvg=", "email": "d@d.d"}, "model": "blogging.customuser", "pk": 7}, {"fields": {"username": "c", "followers": [], "is_active": true, "is_superuser": true, "is_staff": true, "image_url": "/static/users/default/avatar.svg", "following": [], "last_login": null, "password": "pbkdf2_sha256$20000$HalS64nki5kf$HZU4TvvWSz5nWPOHgJFRRcW28m0Y6/mpI9WZ51ZkbbM=", "email": "d@d.d"}, "model": "blogging.customuser", "pk": 8}, {"fields": {"category_title": "politics", "authors": [1]}, "model": "blogging.mindcategory", "pk": 1}, {"fields": {"category_title": "culture", "authors": [2]}, "model": "blogging.mindcategory", "pk": 2}, {"fields": {"category_title": "economics", "authors": [3]}, "model": "blogging.mindcategory", "pk": 3}, {"fields": {"category_title": "history", "authors": []}, "model": "blogging.mindcategory", "pk": 4}, {"fields": {"category_title": "it-technologies", "authors": []}, "model": "blogging.mindcategory", "pk": 5}, {"fields": {"category_title": "pop-art", "authors": []}, "model": "blogging.mindcategory", "pk": 6}, {"fields": {"category_title": "science", "authors": []}, "model": "blogging.mindcategory", "pk": 7}, {"fields": {"category": [1], "rght": 8, "parent": null, "author": 1, "text": "Statkevich", "title": "Roman", "lft": 1, "tree_id": 1, "level": 0}, "model": "blogging.mind", "pk": 1}, {"fields": {"category": [3], "rght": 2, "parent": null, "author": 1, "text": "Statkevich is the best", "title": "Roman the best", "lft": 1, "tree_id": 2, "level": 0}, "model": "blogging.mind", "pk": 2}, {"fields": {"category": [1, 3], "rght": 2, "parent": null, "author": 1, "text": "geopolicts", "title": "Politics and economics", "lft": 1, "tree_id": 3, "level": 0}, "model": "blogging.mind", "pk": 3}, {"fields": {"category": [1], "rght": 2, "parent": null, "author": 1, "text": "<b>Statkevich<b>", "title": "Adolf waw rigth", "lft": 1, "tree_id": 4, "level": 0}, "model": "blogging.mind", "pk": 4}, {"fields": {"category": [1], "rght": 2, "parent": null, "author": 6, "text": "I think that its an cool service\n\nHope it has nice future", "title": "My first official mind", "lft": 1, "tree_id": 5, "level": 0}, "model": "blogging.mind", "pk": 5}, {"fields": {"category": [2], "rght": 20, "parent": null, "author": 6, "text": "2", "title": "My second mind", "lft": 1, "tree_id": 6, "level": 0}, "model": "blogging.mind", "pk": 6}, {"fields": {"category": [], "rght": 5, "parent": 1, "author": 1, "text": "Comment", "title": "Comment", "lft": 2, "tree_id": 1, "level": 1}, "model": "blogging.mind", "pk": 7}, {"fields": {"category": [], "rght": 4, "parent": 7, "author": 1, "text": "gsfsgdfgdg", "title": "Comment for Comment", "lft": 3, "tree_id": 1, "level": 2}, "model": "blogging.mind", "pk": 8}, {"fields": {"category": [], "rght": 7, "parent": 1, "author": 1, "text": "gfgfjg", "title": "afdsfsd", "lft": 6, "tree_id": 1, "level": 1}, "model": "blogging.mind", "pk": 9}, {"fields": {"category": [2], "rght": 19, "parent": 6, "author": 1, "text": "xcvxvcxvcxv", "title": "cczxvxcvcx", "lft": 12, "tree_id": 6, "level": 1}, "model": "blogging.mind", "pk": 15}, {"fields": {"category": [], "rght": 16, "parent": 15, "author": 1, "text": "afdsfdsf", "title": "qqdsafds", "lft": 13, "tree_id": 6, "level": 2}, "model": "blogging.mind", "pk": 16}, {"fields": {"category": [], "rght": 15, "parent": 16, "author": 6, "text": "sfsfgdfhgfhfghfds", "title": "Re to re", "lft": 14, "tree_id": 6, "level": 3}, "model": "blogging.mind", "pk": 17}, {"fields": {"category": [3], "rght": 2, "parent": null, "author": 6, "text": "54569879879", "title": "343434", "lft": 1, "tree_id": 7, "level": 0}, "model": "blogging.mind", "pk": 18}, {"fields": {"category": [2], "rght": 18, "parent": 15, "author": 6, "text": "54569879879p[p][", "title": "oioi[ppo[p", "lft": 17, "tree_id": 6, "level": 2}, "model": "blogging.mind", "pk": 19}, {"fields": {"positive": true, "liked": 6, "mind": 6}, "model": "blogging.like", "pk": 9}, {"fields": {"positive": true, "liked": 6, "mind": 6}, "model": "blogging.like", "pk": 10}, {"fields": {"positive": true, "liked": 6, "mind": 6}, "model": "blogging.like", "pk": 11}, {"fields": {"positive": true, "liked": 6, "mind": 6}, "model": "blogging.like", "pk": 12}, {"fields": {"positive": true, "liked": 6, "mind": 6}, "model": "blogging.like", "pk": 13}, {"fields": {"positive": false, "liked": 6, "mind": 6}, "model": "blogging.like", "pk": 16}, {"fields": {"positive": true, "liked": 6, "mind": 4}, "model": "blogging.like", "pk": 19}, {"fields": {"positive": true, "liked": 1, "mind": 4}, "model": "blogging.like", "pk": 21}, {"fields": {"positive": true, "liked": 1, "mind": 2}, "model": "blogging.like", "pk": 25}, {"fields": {"positive": true, "liked": 1, "mind": 5}, "model": "blogging.like", "pk": 27}, {"fields": {"positive": true, "liked": 1, "mind": 3}, "model": "blogging.like", "pk": 28}, {"fields": {"positive": true, "liked": 1, "mind": 1}, "model": "blogging.like", "pk": 29}, {"fields": {"positive": true, "liked": 6, "mind": 16}, "model": "blogging.like", "pk": 31}, {"fields": {"positive": true, "liked": 6, "mind": 17}, "model": "blogging.like", "pk": 32}, {"fields": {"codename": "add_logentry", "name": "Can add log entry", "content_type": 1}, "model": "auth.permission", "pk": 1}, {"fields": {"codename": "change_logentry", "name": "Can change log entry", "content_type": 1}, "model": "auth.permission", "pk": 2}, {"fields": {"codename": "delete_logentry", "name": "Can delete log entry", "content_type": 1}, "model": "auth.permission", "pk": 3}, {"fields": {"codename": "add_permission", "name": "Can add permission", "content_type": 2}, "model": "auth.permission", "pk": 4}, {"fields": {"codename": "change_permission", "name": "Can change permission", "content_type": 2}, "model": "auth.permission", "pk": 5}, {"fields": {"codename": "delete_permission", "name": "Can delete permission", "content_type": 2}, "model": "auth.permission", "pk": 6}, {"fields": {"codename": "add_group", "name": "Can add group", "content_type": 3}, "model": "auth.permission", "pk": 7}, {"fields": {"codename": "change_group", "name": "Can change group", "content_type": 3}, "model": "auth.permission", "pk": 8}, {"fields": {"codename": "delete_group", "name": "Can delete group", "content_type": 3}, "model": "auth.permission", "pk": 9}, {"fields": {"codename": "add_contenttype", "name": "Can add content type", "content_type": 4}, "model": "auth.permission", "pk": 10}, {"fields": {"codename": "change_contenttype", "name": "Can change content type", "content_type": 4}, "model": "auth.permission", "pk": 11}, {"fields": {"codename": "delete_contenttype", "name": "Can delete content type", "content_type": 4}, "model": "auth.permission", "pk": 12}, {"fields": {"codename": "add_session", "name": "Can add session", "content_type": 5}, "model": "auth.permission", "pk": 13}, {"fields": {"codename": "change_session", "name": "Can change session", "content_type": 5}, "model": "auth.permission", "pk": 14}, {"fields": {"codename": "delete_session", "name": "Can delete session", "content_type": 5}, "model": "auth.permission", "pk": 15}, {"fields": {"codename": "add_foo", "name": "Can add foo", "content_type": 6}, "model": "auth.permission", "pk": 16}, {"fields": {"codename": "change_foo", "name": "Can change foo", "content_type": 6}, "model": "auth.permission", "pk": 17}, {"fields": {"codename": "delete_foo", "name": "Can delete foo", "content_type": 6}, "model": "auth.permission", "pk": 18}, {"fields": {"codename": "add_customuser", "name": "Can add custom user", "content_type": 7}, "model": "auth.permission", "pk": 19}, {"fields": {"codename": "change_customuser", "name": "Can change custom user", "content_type": 7}, "model": "auth.permission", "pk": 20}, {"fields": {"codename": "delete_customuser", "name": "Can delete custom user", "content_type": 7}, "model": "auth.permission", "pk": 21}, {"fields": {"codename": "add_mindcategory", "name": "Can add mind category", "content_type": 8}, "model": "auth.permission", "pk": 22}, {"fields": {"codename": "change_mindcategory", "name": "Can change mind category", "content_type": 8}, "model": "auth.permission", "pk": 23}, {"fields": {"codename": "delete_mindcategory", "name": "Can delete mind category", "content_type": 8}, "model": "auth.permission", "pk": 24}, {"fields": {"codename": "add_mind", "name": "Can add mind", "content_type": 9}, "model": "auth.permission", "pk": 25}, {"fields": {"codename": "change_mind", "name": "Can change mind", "content_type": 9}, "model": "auth.permission", "pk": 26}, {"fields": {"codename": "delete_mind", "name": "Can delete mind", "content_type": 9}, "model": "auth.permission", "pk": 27}, {"fields": {"codename": "add_like", "name": "Can add like", "content_type": 10}, "model": "auth.permission", "pk": 28}, {"fields": {"codename": "change_like", "name": "Can change like", "content_type": 10}, "model": "auth.permission", "pk": 29}, {"fields": {"codename": "delete_like", "name": "Can delete like", "content_type": 10}, "model": "auth.permission", "pk": 30}, {"fields": {"action_flag": 1, "action_time": "2015-07-12T12:28:00.425Z", "object_repr": "MindCategory object", "object_id": "1", "change_message": "", "user": 1, "content_type": 8}, "model": "admin.logentry", "pk": 1}, {"fields": {"action_flag": 1, "action_time": "2015-07-12T12:28:54.203Z", "object_repr": "lyuda", "object_id": "2", "change_message": "", "user": 1, "content_type": 7}, "model": "admin.logentry", "pk": 2}, {"fields": {"action_flag": 2, "action_time": "2015-07-12T12:29:14.313Z", "object_repr": "lyuda", "object_id": "2", "change_message": "No fields changed.", "user": 1, "content_type": 7}, "model": "admin.logentry", "pk": 3}, {"fields": {"action_flag": 2, "action_time": "2015-07-12T12:29:31.978Z", "object_repr": "roman", "object_id": "1", "change_message": "Changed following and followers.", "user": 1, "content_type": 7}, "model": "admin.logentry", "pk": 4}, {"fields": {"action_flag": 1, "action_time": "2015-07-12T12:30:13.686Z", "object_repr": "jack", "object_id": "3", "change_message": "", "user": 1, "content_type": 7}, "model": "admin.logentry", "pk": 5}, {"fields": {"action_flag": 2, "action_time": "2015-07-12T12:31:00.521Z", "object_repr": "MindCategory object", "object_id": "1", "change_message": "Changed category_title.", "user": 1, "content_type": 8}, "model": "admin.logentry", "pk": 6}, {"fields": {"action_flag": 1, "action_time": "2015-07-12T12:31:13.414Z", "object_repr": "MindCategory object", "object_id": "2", "change_message": "", "user": 1, "content_type": 8}, "model": "admin.logentry", "pk": 7}, {"fields": {"action_flag": 1, "action_time": "2015-07-12T12:31:24.135Z", "object_repr": "MindCategory object", "object_id": "3", "change_message": "", "user": 1, "content_type": 8}, "model": "admin.logentry", "pk": 8}, {"fields": {"action_flag": 1, "action_time": "2015-07-12T13:05:22.906Z", "object_repr": "adolph_hitler", "object_id": "4", "change_message": "", "user": 1, "content_type": 7}, "model": "admin.logentry", "pk": 9}, {"fields": {"action_flag": 2, "action_time": "2015-07-12T13:31:37.551Z", "object_repr": "Mind object", "object_id": "3", "change_message": "No fields changed.", "user": 1, "content_type": 9}, "model": "admin.logentry", "pk": 10}, {"fields": {"action_flag": 3, "action_time": "2015-07-12T13:31:54.268Z", "object_repr": "Mind object", "object_id": "6", "change_message": "", "user": 1, "content_type": 9}, "model": "admin.logentry", "pk": 11}, {"fields": {"action_flag": 3, "action_time": "2015-07-12T13:31:54.600Z", "object_repr": "Mind object", "object_id": "5", "change_message": "", "user": 1, "content_type": 9}, "model": "admin.logentry", "pk": 12}, {"fields": {"action_flag": 3, "action_time": "2015-07-12T13:31:54.768Z", "object_repr": "Mind object", "object_id": "4", "change_message": "", "user": 1, "content_type": 9}, "model": "admin.logentry", "pk": 13}, {"fields": {"action_flag": 3, "action_time": "2015-07-12T13:31:54.914Z", "object_repr": "Mind object", "object_id": "3", "change_message": "", "user": 1, "content_type": 9}, "model": "admin.logentry", "pk": 14}, {"fields": {"action_flag": 3, "action_time": "2015-07-12T13:31:55.215Z", "object_repr": "Mind object", "object_id": "2", "change_message": "", "user": 1, "content_type": 9}, "model": "admin.logentry", "pk": 15}, {"fields": {"action_flag": 3, "action_time": "2015-07-12T13:31:55.572Z", "object_repr": "Mind object", "object_id": "1", "change_message": "", "user": 1, "content_type": 9}, "model": "admin.logentry", "pk": 16}, {"fields": {"action_flag": 2, "action_time": "2015-07-12T15:37:01.040Z", "object_repr": "adolph_hitler", "object_id": "4", "change_message": "Changed following and followers.", "user": 1, "content_type": 7}, "model": "admin.logentry", "pk": 17}, {"fields": {"action_flag": 1, "action_time": "2015-08-05T19:48:54.378Z", "object_repr": "history", "object_id": "4", "change_message": "", "user": 6, "content_type": 8}, "model": "admin.logentry", "pk": 18}, {"fields": {"action_flag": 1, "action_time": "2015-08-05T19:49:10.574Z", "object_repr": "it-technologies", "object_id": "5", "change_message": "", "user": 6, "content_type": 8}, "model": "admin.logentry", "pk": 19}, {"fields": {"action_flag": 1, "action_time": "2015-08-05T19:49:19.091Z", "object_repr": "pop-art", "object_id": "6", "change_message": "", "user": 6, "content_type": 8}, "model": "admin.logentry", "pk": 20}, {"fields": {"action_flag": 1, "action_time": "2015-08-05T19:49:29.711Z", "object_repr": "science", "object_id": "7", "change_message": "", "user": 6, "content_type": 8}, "model": "admin.logentry", "pk": 21}, {"fields": {"action_flag": 2, "action_time": "2015-08-08T22:54:32.138Z", "object_repr": "Comment for Comment", "object_id": "8", "change_message": "No fields changed.", "user": 1, "content_type": 9}, "model": "admin.logentry", "pk": 22}, {"fields": {"action_flag": 2, "action_time": "2015-08-09T08:41:27.636Z", "object_repr": "Comment for Comment", "object_id": "8", "change_message": "No fields changed.", "user": 1, "content_type": 9}, "model": "admin.logentry", "pk": 23}, {"fields": {"action_flag": 3, "action_time": "2015-08-09T08:47:51.062Z", "object_repr": "You are fake Roman", "object_id": "10", "change_message": "", "user": 1, "content_type": 9}, "model": "admin.logentry", "pk": 24}, {"fields": {"action_flag": 3, "action_time": "2015-08-09T08:47:51.365Z", "object_repr": "You are fake Roman", "object_id": "11", "change_message": "", "user": 1, "content_type": 9}, "model": "admin.logentry", "pk": 25}, {"fields": {"action_flag": 3, "action_time": "2015-08-09T08:47:51.499Z", "object_repr": "fdsdfdasf", "object_id": "12", "change_message": "", "user": 1, "content_type": 9}, "model": "admin.logentry", "pk": 26}, {"fields": {"action_flag": 3, "action_time": "2015-08-09T08:47:51.655Z", "object_repr": "fdsdfdasf", "object_id": "13", "change_message": "", "user": 1, "content_type": 9}, "model": "admin.logentry", "pk": 27}, {"fields": {"action_flag": 3, "action_time": "2015-08-09T08:47:51.814Z", "object_repr": "fdsdfdasf", "object_id": "14", "change_message": "", "user": 1, "content_type": 9}, "model": "admin.logentry", "pk": 28}, {"fields": {"action_flag": 2, "action_time": "2015-08-09T08:57:40.735Z", "object_repr": "cczxvxcvcx", "object_id": "15", "change_message": "Changed category.", "user": 1, "content_type": 9}, "model": "admin.logentry", "pk": 29}, {"fields": {"action_flag": 3, "action_time": "2015-08-09T13:21:24.253Z", "object_repr": "", "object_id": "5", "change_message": "", "user": 1, "content_type": 7}, "model": "admin.logentry", "pk": 30}]